id,name,position,countrycode
1,George Smith,Back-end Developer,34
2,Elon Taylor,Front-end Developer,81
3,Kate Steven,QA Enginner,33
4,Darlene Alrderson,Back-end Developer,49
5,Angela Moss,Designner,33
6,Joanna Wellick,Front-end Developer,64
7,Dominique,Back-end Developer,54
8,Gloria Reuben,Support Analyst,7
9,Phillip Price,Infra,31
10,Leslie Romero,Front-end Developer,39
11,Terry Colby,Front-end Developer,27
12,Ollie Parker,QA Enginner,52
13,Don Sparks,QA Enginner,55
14,Erik Jensen,Infra,81
15,Brian Mitchell,Back-end Developer,46
16,Chris Conroy,Back-end Developer,82
17,Olivia Washington,Support Analyst,49
18,Krista Gordon,Back-end Developer,55
19,Sandrine Holt,Support Analyst,34
20,Armand Schultz,Back-end Developer,39
